epoch,text_weight,image_weight
1,0.49763924,0.50236076
2,0.49102837,0.5089716
3,0.4891452,0.5108548
4,0.48038793,0.5196121
5,0.4738846,0.5261154
6,0.47281182,0.52718824
7,0.47161552,0.52838457
8,0.47536433,0.52463573
9,0.4790596,0.52094036
10,0.48399544,0.5160046
11,0.4878317,0.5121683
12,0.4946714,0.50532866
13,0.5006837,0.49931625
