epoch,text_weight,image_weight
1,0.49668834,0.5033116
2,0.49222726,0.5077728
3,0.48979777,0.51020217
4,0.48285186,0.51714814
5,0.48036766,0.5196321
6,0.4820783,0.5179218
7,0.4854656,0.51453435
8,0.48982647,0.51017344
9,0.4930904,0.5069096
10,0.5010701,0.49892995
11,0.50643647,0.4935634
12,0.5095649,0.49043515
13,0.5140363,0.48596382
14,0.5200801,0.47992
