epoch,text_weight,image_weight
1,0.53451186,0.46548802
2,0.57247543,0.42752442
3,0.60019815,0.39980182
4,0.60648257,0.39351746
5,0.6077139,0.39228645
6,0.60599935,0.39400074
7,0.6353005,0.36469975
8,0.64183146,0.3581685
9,0.65959436,0.3404059
10,0.6707762,0.32922304
11,0.66912377,0.33087605
12,0.68228865,0.31771186
13,0.663226,0.33677423
14,0.6807877,0.31921262
15,0.68832594,0.3116742
16,0.67861754,0.32138243
17,0.6854084,0.31459138
