epoch,text_weight,image_weight
1,0.5315845,0.46841556
2,0.56944025,0.43055955
3,0.5956486,0.40435117
4,0.6120873,0.3879126
5,0.61679155,0.38320836
6,0.6113175,0.38868234
7,0.6158474,0.3841526
8,0.6518865,0.34811398
9,0.64479554,0.35520437
10,0.648986,0.35101384
11,0.67519426,0.3248055
12,0.67551947,0.324481
13,0.67616487,0.32383505
14,0.6840543,0.3159461
15,0.6856813,0.31431866
16,0.66930854,0.33069158
