epoch,text_weight,image_weight
1,0.4980064,0.5019936
2,0.5052506,0.49474946
3,0.5110773,0.48892277
4,0.5164625,0.48353744
5,0.51932657,0.4806735
6,0.521673,0.4783269
7,0.5241487,0.47585118
8,0.52446854,0.4755315
9,0.52461183,0.47538826
10,0.5253938,0.47460613
11,0.5264489,0.47355092
12,0.5284043,0.47159532
