epoch,train_loss,val_loss,accuracy,macro_f1,weighted_f1
1,0.944359359741211,1.1176086834498815,0.3312,0.3074,0.3694
2,0.8394812965393066,1.102055379322597,0.3575,0.3158,0.3946
3,0.7997548866271973,1.128860320363726,0.2988,0.2788,0.328
4,0.7728406429290772,1.1086167778287614,0.3438,0.3115,0.3796
5,0.7480133247375488,1.1146669047219413,0.34,0.3089,0.3747
6,0.7292881059646606,1.1242562873022897,0.33,0.2903,0.3662
7,0.7126940774917603,1.116979990686689,0.3137,0.2849,0.3508
8,0.7061834049224853,1.1283592326300484,0.2975,0.2835,0.3269
